file,decision,reason,width,height,surviving_px_after_erosion,largest_blob_area,largest_blob_bbox,fill_ratio,height_ratio
1_10_treble_2png(2)_v6.png,KEEP,notehead_detected,58,413,1760,3435,58x172,0.344,0.416
1_11_bass_2png(2)_v18.png,KEEP,notehead_detected,56,408,1301,3193,56x171,0.333,0.419
1_11_treble_2png(2)_v7.png,KEEP,notehead_detected,58,413,1760,3435,58x172,0.344,0.416
1_13_bass_2png(2)_v19.png,REMOVE,blob_too_small,58,408,1,285,58x6,0.819,0.015
1_13_treble_2png(2)_v8.png,KEEP,notehead_detected,58,413,1721,3528,58x175,0.348,0.424
1_14_bass_2png(2)_v20.png,KEEP,notehead_detected,57,408,1488,3785,57x177,0.375,0.434
1_16_bass_2png(2)_v21.png,KEEP,notehead_detected,63,408,386,3619,63x174,0.33,0.426
1_16_treble_2png(2)_v9.png,REMOVE,too_thin,23,413,,,,,
1_18_treble_2png(2)_v10.png,REMOVE,blob_too_dense,249,413,5493,30218,249x183,0.663,0.443
1_20_treble_2png(2)_v11.png,REMOVE,too_thin,31,413,,,,,
1_21_treble_2png(2)_v12.png,KEEP,notehead_detected,63,413,313,3571,63x173,0.328,0.419
1_2_bass_2png(2)_v13.png,REMOVE,blob_too_small,57,408,191,280,57x6,0.819,0.015
1_2_treble_2png(2)_v1.png,KEEP,notehead_detected,58,413,1799,3508,58x174,0.348,0.421
1_3_bass_2png(2)_v14.png,KEEP,notehead_detected,62,408,303,3491,62x172,0.327,0.422
1_3_treble_2png(2)_v2.png,KEEP,notehead_detected,58,413,1799,3508,58x174,0.348,0.421
1_5_bass_2png(2)_v15.png,KEEP,notehead_detected,62,408,363,3564,62x173,0.332,0.424
1_5_treble_2png(2)_v3.png,KEEP,notehead_detected,62,413,344,3674,62x173,0.343,0.419
1_7_bass_2png(2)_v16.png,KEEP,notehead_detected,62,408,293,3207,62x172,0.301,0.422
1_7_treble_2png(2)_v4.png,KEEP,notehead_detected,58,413,1802,3785,58x177,0.369,0.429
1_8_treble_2png(2)_v5.png,KEEP,notehead_detected,58,413,1930,3897,58x177,0.38,0.429
1_9_bass_2png(2)_v17.png,KEEP,notehead_detected,62,408,384,3596,62x174,0.333,0.426
2_10_bass_2png(2)_v21.png,REMOVE,blob_too_small,63,407,1,691,63x36,0.305,0.088
2_11_treble_2png(2)_v7.png,KEEP,notehead_detected,57,414,1622,3293,57x173,0.334,0.418
2_12_treble_2png(2)_v8.png,REMOVE,too_thin,28,414,,,,,
2_28_bass_2png(2)_v22.png,KEEP,notehead_detected,62,407,405,3765,62x174,0.349,0.428
2_29_treble_2png(2)_v9.png,KEEP,notehead_detected,57,414,726,2588,57x174,0.261,0.42
2_2_bass_2png(2)_v16.png,REMOVE,blob_too_small,57,407,190,336,57x7,0.842,0.017
2_2_treble_2png(2)_v1.png,KEEP,notehead_detected,58,414,1617,3314,58x172,0.332,0.415
2_30_bass_2png(2)_v23.png,KEEP,notehead_detected,62,407,388,3655,62x174,0.339,0.428
2_31_treble_2png(2)_v10.png,REMOVE,too_thin,26,414,,,,,
2_32_treble_2png(2)_v11.png,KEEP,notehead_detected,58,414,1621,3318,58x172,0.333,0.415
2_34_treble_2png(2)_v12.png,REMOVE,too_thin,26,414,,,,,
2_35_treble_2png(2)_v13.png,KEEP,notehead_detected,58,414,1760,3440,58x172,0.345,0.415
2_38_treble_2png(2)_v14.png,KEEP,notehead_detected,58,414,1625,3320,58x172,0.333,0.415
2_39_treble_2png(2)_v15.png,KEEP,notehead_detected,57,414,1614,3289,57x172,0.335,0.415
2_3_bass_2png(2)_v17.png,KEEP,notehead_detected,62,407,390,3652,62x174,0.339,0.428
2_3_treble_2png(2)_v2.png,KEEP,notehead_detected,58,414,1625,3320,58x172,0.333,0.415
2_5_bass_2png(2)_v18.png,KEEP,notehead_detected,62,407,323,3385,62x172,0.317,0.423
2_5_treble_2png(2)_v3.png,KEEP,notehead_detected,58,414,1800,3763,58x177,0.367,0.428
2_6_treble_2png(2)_v4.png,KEEP,notehead_detected,58,414,1924,3875,58x177,0.378,0.428
2_7_bass_2png(2)_v19.png,KEEP,notehead_detected,62,407,395,3653,62x174,0.339,0.428
2_8_treble_2png(2)_v5.png,KEEP,notehead_detected,57,414,1622,3293,57x173,0.334,0.418
2_9_bass_2png(2)_v20.png,KEEP,notehead_detected,57,407,1786,3453,57x174,0.348,0.428
2_9_treble_2png(2)_v6.png,REMOVE,blob_too_dense,239,414,5706,27846,239x162,0.719,0.391
3_10_bass_2png(2)_v17.png,KEEP,notehead_detected,62,407,307,3270,62x172,0.307,0.423
3_10_treble_2png(2)_v6.png,KEEP,notehead_detected,58,414,1761,3387,58x172,0.34,0.415
3_12_bass_2png(2)_v18.png,KEEP,notehead_detected,62,407,407,3675,62x174,0.341,0.428
3_12_treble_2png(2)_v7.png,KEEP,notehead_detected,58,414,1917,3821,58x177,0.372,0.428
3_13_treble_2png(2)_v8.png,KEEP,notehead_detected,58,414,1918,3822,58x177,0.372,0.428
3_14_bass_2png(2)_v19.png,KEEP,notehead_detected,73,407,1316,3776,73x172,0.301,0.423
3_15_bass_2png(2)_v20.png,KEEP,notehead_detected,57,407,1486,3750,57x177,0.372,0.435
3_15_treble_2png(2)_v9.png,KEEP,notehead_detected,58,414,1617,3267,58x173,0.326,0.418
3_16_treble_2png(2)_v10.png,KEEP,notehead_detected,58,414,1755,3385,58x173,0.337,0.418
3_18_treble_2png(2)_v11.png,KEEP,notehead_detected,62,414,321,3652,62x175,0.337,0.423
3_2_bass_2png(2)_v12.png,REMOVE,blob_too_small,42,407,188,261,19x19,0.723,0.047
3_2_treble_2png(2)_v1.png,KEEP,notehead_detected,58,414,1716,3469,58x175,0.342,0.423
3_3_bass_2png(2)_v13.png,KEEP,notehead_detected,56,407,1318,3256,56x172,0.338,0.423
3_3_treble_2png(2)_v2.png,KEEP,notehead_detected,58,414,1715,3468,58x175,0.342,0.423
3_4_bass_2png(2)_v14.png,KEEP,notehead_detected,57,407,1485,3740,57x177,0.371,0.435
3_5_treble_2png(2)_v3.png,REMOVE,too_thin,26,414,,,,,
3_6_bass_2png(2)_v15.png,KEEP,notehead_detected,62,407,391,3650,62x174,0.338,0.428
3_6_treble_2png(2)_v4.png,KEEP,notehead_detected,62,414,335,3612,62x173,0.337,0.418
3_8_bass_2png(2)_v16.png,KEEP,notehead_detected,98,407,394,4414,98x174,0.259,0.428
3_9_treble_2png(2)_v5.png,KEEP,notehead_detected,58,414,1623,3268,58x172,0.328,0.415
4_10_bass_2png(2)_v21.png,KEEP,notehead_detected,63,407,401,3799,63x174,0.347,0.428
4_12_bass_2png(2)_v22.png,KEEP,notehead_detected,62,407,308,3264,62x172,0.306,0.423
4_12_treble_2png(2)_v7.png,KEEP,notehead_detected,58,414,1626,3321,58x173,0.331,0.418
4_13_treble_2png(2)_v8.png,KEEP,notehead_detected,58,414,1624,3322,58x173,0.331,0.418
4_14_bass_2png(2)_v23.png,KEEP,notehead_detected,62,407,391,3621,62x174,0.336,0.428
4_15_treble_2png(2)_v9.png,KEEP,notehead_detected,58,414,1790,3485,58x174,0.345,0.42
4_16_treble_2png(2)_v10.png,KEEP,notehead_detected,58,414,1917,3601,58x174,0.357,0.42
4_18_treble_2png(2)_v11.png,KEEP,notehead_detected,63,414,310,3574,63x173,0.328,0.418
4_1_treble_2png(2)_v1.png,REMOVE,blob_too_dense,128,414,4793,18371,128x318,0.451,0.768
4_20_treble_2png(2)_v12.png,KEEP,notehead_detected,98,414,1925,4910,98x177,0.283,0.428
4_21_treble_2png(2)_v13.png,KEEP,notehead_detected,57,414,1791,3720,57x177,0.369,0.428
4_23_treble_2png(2)_v14.png,KEEP,notehead_detected,58,414,1759,3436,58x172,0.344,0.415
4_24_treble_2png(2)_v15.png,KEEP,notehead_detected,57,414,1616,3288,57x172,0.335,0.415
4_2_bass_2png(2)_v16.png,REMOVE,blob_too_small,42,407,182,261,20x19,0.687,0.047
4_2_treble_2png(2)_v2.png,REMOVE,blob_too_dense,74,414,2893,7881,74x177,0.602,0.428
4_3_bass_2png(2)_v17.png,REMOVE,blob_too_dense,74,407,2849,7867,74x177,0.601,0.435
4_3_treble_2png(2)_v3.png,REMOVE,too_thin,29,414,,,,,
4_4_bass_2png(2)_v18.png,KEEP,notehead_detected,155,407,1881,5695,155x174,0.211,0.428
4_5_treble_2png(2)_v4.png,KEEP,notehead_detected,70,414,1773,3478,70x172,0.289,0.415
4_6_bass_2png(2)_v19.png,KEEP,notehead_detected,63,407,407,3800,63x174,0.347,0.428
4_8_bass_2png(2)_v20.png,KEEP,notehead_detected,63,407,326,3688,63x172,0.34,0.423
4_8_treble_2png(2)_v5.png,REMOVE,too_thin,26,414,,,,,
4_9_treble_2png(2)_v6.png,KEEP,notehead_detected,58,414,1616,3267,58x172,0.327,0.415
